team__displayName,team__abbrName,team__logoId,player__position,player__rosterId,player__fullName,player__yearsPro,player__injuryLength,player__portraitId,player__jerseyNum,gamesPlayed,fantasy_points,rushTotalAtt,rushTotalBrokenTackles,rushTotalFum,rushTotalLongest,rushTotalTDs,rushTotal20PlusYds,rushTotalYdsAfterContact,rushTotalYds,rushAvgYdsAfterContact,rushAvgYdsPerAtt,rushAvgYdsPerGame
49ers,SF,14,TE,551029064,Ja'Tavion Sanders,1,0,10242,85,1,0.00,0,1,0,0,0,0,0,0,0.00,0.00,0.00
49ers,SF,14,QB,551029425,Jordan Travis,1,0,10269,6,1,0.00,1,0,0,3,0,0,0,3,0.00,3.00,0.21
49ers,SF,14,WR,551029601,Jordan Whittington,1,0,10292,88,1,0.00,0,1,0,0,0,0,0,0,0.00,0.00,0.00
49ers,SF,14,HB,551029468,Sione Vaki,1,0,10277,33,5,14.30,23,4,0,20,1,1,28,83,5.60,3.61,7.55
49ers,SF,14,QB,551029745,Bryce Young,2,0,2638,4,17,167.38,58,2,4,16,2,0,15,193,0.88,3.33,11.35
49ers,SF,14,HB,551027016,Chase Brown,2,0,1827,24,2,7.50,2,0,0,14,1,0,1,15,0.50,7.50,3.28
49ers,SF,14,WR,551027303,Derius Davis,2,0,3053,12,4,-2.00,0,4,1,0,0,0,0,0,0.00,0.00,0.00
49ers,SF,14,TE,551028325,Isaiah Likely,3,6,1807,80,6,35.80,0,7,0,0,0,0,0,0,0.00,0.00,0.00
49ers,SF,14,WR,551029630,Jameson Williams,3,0,2033,9,12,97.50,6,26,1,9,0,0,0,27,0.00,4.50,1.59
49ers,SF,14,HB,551029321,Jonathan Taylor,5,19,604,28,14,116.70,214,47,0,38,10,5,274,1025,19.57,4.79,73.21
49ers,SF,14,FB,551028084,Jakob Johnson,6,0,393,38,2,1.30,1,1,0,3,0,0,0,3,0.00,3.00,0.18
49ers,SF,14,WR,551027025,Marquise Brown,6,0,9402,5,7,21.10,0,10,1,0,0,0,0,0,0.00,0.00,0.00
49ers,SF,14,WR,551027768,Mecole Hardman Jr,6,0,9489,17,9,27.80,5,8,0,8,0,0,0,21,0.00,4.20,1.24
49ers,SF,14,HB,551029089,Boston Scott,7,0,9350,30,8,17.70,39,3,1,7,3,0,2,119,0.25,3.05,14.88
Bears,CHI,0,HB,551026726,Rasheen Ali,1,0,9995,35,4,-1.40,4,3,1,3,0,0,0,6,0.00,1.50,0.38
Bears,CHI,0,WR,551029674,Roman Wilson,1,0,10303,10,9,13.70,0,17,2,0,0,0,0,0,0.00,0.00,0.00
Bears,CHI,0,QB,551028918,Spencer Rattler,1,0,10220,18,1,1.80,3,0,0,14,0,0,7,18,7.00,6.00,1.29
Bears,CHI,0,WR,551028768,Tejhaun Palmer,1,0,0,83,2,5.40,0,2,0,0,0,0,0,0,0.00,0.00,0.00
Bears,CHI,0,QB,551029279,C.J. Stroud,2,0,2417,7,15,121.32,20,4,9,17,0,0,18,145,1.20,7.25,8.53
Bears,CHI,0,TE,551027870,Elijah Higgins,2,0,2209,84,2,0.00,0,3,0,0,0,0,0,0,0.00,0.00,0.00
Bears,CHI,0,TE,551028640,Luke Musgrave,2,0,3364,88,7,44.50,0,11,0,0,0,0,0,0,0.00,0.00,0.00
Bears,CHI,0,WR,551029095,Tyler Scott,2,0,2386,13,4,22.10,0,14,0,0,0,0,0,0,0.00,0.00,0.00
Bears,CHI,0,WR,551029666,Garrett Wilson,3,0,2040,5,12,52.60,2,26,0,3,0,0,0,0,0.00,0.00,0.00
Bears,CHI,0,WR,551028836,George Pickens,3,0,1888,14,7,19.90,1,11,1,0,0,0,0,-2,0.00,-2.00,-0.13
Bears,CHI,0,HB,551027675,Tyler Goodson,3,0,1736,34,1,0.50,1,1,0,0,0,0,2,-1,2.00,-1.00,-0.06
Bears,CHI,0,WR,551028045,Van Jefferson,5,0,386,11,1,0.00,0,2,0,0,0,0,0,0,0.00,0.00,0.00
Bears,CHI,0,HB,551028863,Tony Pollard,6,0,9600,20,17,53.40,106,33,4,23,5,2,136,473,8.00,4.46,27.82
Bears,CHI,0,TE,551029353,Ian Thomas,7,0,9078,80,3,0.00,2,2,0,1,0,0,3,0,1.00,0.00,0.00
Bengals,CIN,1,WR,551029774,Tyler Harrell,1,0,0,81,7,-2.00,0,6,1,0,0,0,0,0,0.00,0.00,0.00
Bengals,CIN,1,WR,551029716,Xavier Worthy,1,0,10305,1,5,1.10,1,9,0,1,0,0,1,1,0.20,1.00,0.06
Bengals,CIN,1,WR,551027973,Jalin Hyatt,2,0,2219,13,2,2.50,0,1,2,0,0,0,0,0,0.00,0.00,0.00
Bengals,CIN,1,WR,551028769,Trey Palmer,2,0,2608,10,9,35.40,3,19,0,34,0,1,9,36,1.00,12.00,2.12
Bengals,CIN,1,HB,551027144,Zach Charbonnet,2,0,1919,26,15,77.12,165,41,1,66,6,3,259,824,17.27,4.99,54.93
Bengals,CIN,1,WR,551027698,Danny Gray,3,0,1741,6,5,3.10,0,7,0,0,0,0,0,0,0.00,0.00,0.00
Bengals,CIN,1,TE,551029037,Jeremy Ruckert,3,0,1932,89,1,0.00,0,1,0,0,0,0,0,0,0.00,0.00,0.00
Bengals,CIN,1,HB,551027326,Tyrion Davis-Price,3,0,1328,35,8,29.30,46,14,3,24,3,1,40,173,5.00,3.76,13.31
Bengals,CIN,1,HB,551028997,James Robinson,5,0,553,32,2,6.70,2,0,0,8,1,0,1,7,0.50,3.50,0.41
Bengals,CIN,1,HB,551028197,Joshua Kelley,5,0,409,39,8,13.50,18,5,0,13,1,0,11,90,1.38,5.00,7.50
Bengals,CIN,1,QB,551029553,Deshaun Watson,8,0,8769,4,14,112.68,44,2,4,16,0,0,11,132,0.79,3.00,7.76
Bengals,CIN,1,WR,551027263,Jamison Crowder,10,0,7066,80,4,9.70,3,4,0,10,0,0,1,21,0.25,7.00,1.31
Bills,BUF,2,HB,551029729,Jaylen Wright,1,0,10306,25,17,213.00,274,65,2,77,22,16,404,1647,23.76,6.01,96.88
Bills,BUF,2,WR,551027234,Malachi Corley,1,0,0,17,1,0.90,0,1,0,0,0,0,0,0,0.00,0.00,0.00
Bills,BUF,2,WR,551028936,Jayden Reed,2,0,2365,11,7,41.10,3,5,1,8,1,0,0,6,0.00,2.00,0.38
Bills,BUF,2,QB,551027404,Max Duggan,2,0,2118,8,16,165.60,51,2,1,35,4,1,14,177,0.88,3.47,10.41
Bills,BUF,2,HB,551028098,Roschon Johnson,2,0,2604,23,4,7.10,5,2,0,6,1,0,5,11,1.25,2.20,0.65
Bills,BUF,2,TE,551027094,Grant Calcaterra,3,0,2067,81,1,1.00,0,0,1,0,0,0,0,0,0.00,0.00,0.00
Bills,BUF,2,WR,551029085,Anthony Schwartz,4,0,1363,86,4,3.90,1,5,1,6,0,0,2,6,0.50,6.00,0.50
Bills,BUF,2,WR,551029457,KaVontae Turpin,4,0,0,9,3,0.70,1,4,0,7,0,0,2,7,0.67,7.00,0.41
Bills,BUF,2,WR,551026857,Rashod Bateman,4,0,1236,7,2,18.80,1,2,0,5,0,0,0,5,0.00,5.00,0.36
Bills,BUF,2,QB,551027967,Tyler Huntley,5,0,904,10,2,1.12,6,1,0,6,0,0,8,3,4.00,0.50,0.20
Bills,BUF,2,TE,551028732,Josh Oliver,6,0,9590,84,5,29.20,0,4,1,0,0,0,0,0,0.00,0.00,0.00
Bills,BUF,2,HB,551027429,Chase Edmonds,7,0,8873,22,9,29.80,36,6,0,47,6,3,53,257,5.89,7.14,15.12
Bills,BUF,2,WR,551027028,Noah Brown,8,0,8492,85,4,17.30,0,6,0,0,0,0,0,0,0.00,0.00,0.00
Broncos,DEN,3,HB,551026999,Jonathon Brooks,1,0,10022,24,17,149.30,252,46,6,47,16,12,303,1268,17.82,5.03,74.59
Broncos,DEN,3,WR,551028455,Ladd McConkey,1,0,10169,15,7,40.70,8,8,0,7,1,0,0,33,0.00,4.12,1.94
Broncos,DEN,3,WR,551026704,Jordan Addison,2,6,813,3,6,38.70,0,7,2,0,0,0,0,0,0.00,0.00,0.00
Broncos,DEN,3,HB,551029224,Tyjae Spears,2,0,2405,2,9,12.40,17,2,0,10,1,0,20,64,2.22,3.76,3.76
Broncos,DEN,3,TE,551028239,Charlie Kolar,3,0,1802,88,3,8.60,0,3,0,0,0,0,0,0,0.00,0.00,0.00
Broncos,DEN,3,QB,551028150,Mac Jones,4,0,1371,10,2,6.00,2,0,0,1,1,0,0,0,0.00,0.00,0.00
Broncos,DEN,3,WR,551028591,Rondale Moore,4,0,1264,14,3,7.70,0,4,1,0,0,0,0,0,0.00,0.00,0.00
Broncos,DEN,3,QB,551028285,Trevor Lawrence,4,0,1372,16,17,233.92,61,8,5,51,3,1,42,379,2.47,6.21,22.29
Broncos,DEN,3,WR,551028750,K.J. Osborn,5,0,502,87,8,52.90,0,9,0,0,0,0,0,0,0.00,0.00,0.00
Broncos,DEN,3,TE,551029084,Dalton Schultz,7,0,9050,85,9,44.60,0,16,0,0,0,0,0,0,0.00,0.00,0.00
Broncos,DEN,3,WR,551028032,Richie James,7,0,8944,17,7,-2.00,0,13,1,0,0,0,0,0,0.00,0.00,0.00
Browns,CLE,4,WR,551027474,D'Wayne Eskridge,3,0,1268,86,4,0.00,0,4,0,0,0,0,0,0,0.00,0.00,0.00
Browns,CLE,4,QB,551028838,Kenny Pickett,3,0,1889,7,2,-0.40,4,0,0,0,0,0,0,-4,0.00,-1.00,-0.29
Browns,CLE,4,HB,551029593,Rachaad White,3,0,2028,1,12,43.30,99,13,2,33,5,2,43,474,3.58,4.79,29.63
Browns,CLE,4,HB,551027605,Kenneth Gainwell,4,0,1300,14,3,4.90,22,4,0,7,0,0,2,49,0.67,2.23,3.50
Browns,CLE,4,FB,551028355,John Lovett,6,0,1476,46,1,7.90,5,3,0,6,1,0,2,19,2.00,3.80,6.33
Browns,CLE,4,WR,551028226,Christian Kirk,7,0,8963,89,10,50.80,12,7,2,24,0,1,10,54,1.00,4.50,3.18
Browns,CLE,4,TE,551027664,Dallas Goedert,7,0,8901,88,2,10.20,0,3,0,0,0,0,0,0,0.00,0.00,0.00
Browns,CLE,4,QB,551026737,Josh Allen,7,0,8800,17,17,187.58,104,28,4,36,12,7,131,623,7.71,5.99,36.65
Browns,CLE,4,HB,551026834,Saquon Barkley,7,19,8813,26,12,118.60,156,32,2,73,11,1,119,806,9.92,5.17,67.17
Browns,CLE,4,WR,551026952,Kendrick Bourne,8,0,9146,84,4,9.40,0,4,0,0,0,0,0,0,0.00,0.00,0.00
Browns,CLE,4,WR,551027226,Amari Cooper,10,0,7060,2,6,26.50,3,4,0,6,0,0,1,15,0.17,5.00,0.88
Buccaneers,TB,5,WR,551026819,Javon Baker,1,0,10004,6,11,74.90,6,13,0,16,2,0,3,25,0.27,4.17,1.47
Buccaneers,TB,5,WR,551027985,Andrei Iosivas,2,0,2229,84,2,0.00,1,1,0,0,0,0,0,0,0.00,0.00,0.00
Buccaneers,TB,5,QB,551028967,Desmond Ridder,3,0,1912,19,1,-0.20,2,0,0,0,0,0,0,-2,0.00,-1.00,-0.13
Buccaneers,TB,5,HB,551027983,Keaontay Ingram,3,0,1774,45,7,10.70,36,8,1,17,2,0,35,134,5.00,3.72,19.14
Buccaneers,TB,5,HB,551028236,Zonovan Knight,3,0,1801,30,5,5.70,12,1,1,31,0,1,9,46,1.80,3.83,4.18
Buccaneers,TB,5,HB,551027365,A.J. Dillon,5,0,716,17,10,27.64,76,21,0,56,2,6,124,473,12.40,6.22,39.42
Buccaneers,TB,5,WR,551028261,CeeDee Lamb,5,0,418,8,11,70.80,9,11,0,21,0,1,21,58,1.91,6.44,3.41
Buccaneers,TB,5,QB,551029303,Tua Tagovailoa,5,0,600,1,9,95.72,19,0,0,10,0,0,2,18,0.22,0.95,1.06
Buccaneers,TB,5,TE,551027499,Noah Fant,6,0,9452,16,6,22.60,0,9,0,0,0,0,0,0,0.00,0.00,0.00
Buccaneers,TB,5,HB,551028101,Ty Johnson,6,0,136,25,2,0.00,0,2,0,0,0,0,0,0,0.00,0.00,0.00
Buccaneers,TB,5,TE,551029214,Durham Smythe,7,0,9064,86,2,2.30,1,1,0,1,0,0,0,1,0.00,1.00,0.06
Buccaneers,TB,5,HB,551029659,Jeff Wilson Jr,7,0,9121,41,13,8.80,20,34,1,20,0,1,13,57,1.00,2.85,3.35
Buccaneers,TB,5,HB,551027162,Nick Chubb,7,7,8846,2,11,107.60,178,43,0,63,13,8,343,888,31.18,4.99,80.73
Buccaneers,TB,5,WR,551029059,Curtis Samuel,8,0,8716,11,8,35.44,9,6,1,8,1,0,4,9,0.50,1.00,0.53
Buccaneers,TB,5,TE,551027030,Pharaoh Brown,8,0,8493,89,5,23.50,0,7,0,0,0,0,0,0,0.00,0.00,0.00
Buccaneers,TB,5,WR,551029119,Sterling Shepard,9,0,8213,83,1,2.40,1,1,0,24,0,1,6,24,6.00,24.00,4.80
Buccaneers,TB,5,WR,551027677,Marquise Goodwin,11,6,5825,80,3,0.00,0,7,0,0,0,0,0,0,0.00,0.00,0.00
Cardinals,ARI,6,TE,551029148,Ben Sinnott,1,0,10247,82,6,56.30,0,7,0,0,0,0,0,0,0.00,0.00,0.00
Cardinals,ARI,6,WR,551028962,Rashee Rice,2,0,2366,85,6,24.30,1,6,1,0,0,0,0,-3,0.00,-3.00,-0.20
Cardinals,ARI,6,HB,551029231,Isaiah Spiller,3,0,1954,28,9,22.10,28,7,1,24,2,2,42,137,4.67,4.89,8.06
Cardinals,ARI,6,HB,551026911,Raheem Blackshear,3,0,2842,29,4,0.00,0,8,0,0,0,0,0,0,0.00,0.00,0.00
Cardinals,ARI,6,TE,551027693,Kylen Granson,4,0,1383,83,4,14.90,3,3,0,5,2,0,0,11,0.00,3.67,0.65
Cardinals,ARI,6,WR,551029551,Quez Watkins,5,0,651,89,4,0.00,0,5,0,0,0,0,0,0,0.00,0.00,0.00
Cardinals,ARI,6,HB,551027436,Gus Edwards,6,0,9764,26,16,51.20,95,21,2,65,2,4,168,460,10.50,4.84,27.06
Cardinals,ARI,6,QB,551027665,Jared Goff,9,0,8021,11,12,155.68,30,4,0,13,2,0,8,107,0.67,3.57,6.29
Cardinals,ARI,6,WR,551027884,Tyreek Hill,9,0,8052,2,6,6.90,0,12,3,0,0,0,0,0,0.00,0.00,0.00
Cardinals,ARI,6,WR,551026711,Nelson Agholor,10,0,6985,80,5,24.70,3,4,0,8,0,0,0,19,0.00,6.33,1.12
Cardinals,ARI,6,HB,551028613,Raheem Mostert,10,0,7768,31,11,71.00,133,28,1,25,6,2,55,517,5.00,3.89,47.00
Cardinals,ARI,6,WR,551027486,Mike Evans,11,0,6407,13,9,50.80,8,5,0,8,0,0,1,26,0.11,3.25,1.53
Chargers,LAC,7,WR,551027684,Anthony Gould,1,0,10086,6,4,0.00,0,4,0,0,0,0,0,0,0.00,0.00,0.00
Chargers,LAC,7,WR,551029512,Devontez Walker,1,0,10281,82,7,15.60,0,9,1,0,0,0,0,0,0.00,0.00,0.00
Chargers,LAC,7,QB,551028545,Joe Milton III,1,0,10180,1,6,95.96,11,0,2,10,0,0,1,53,0.17,4.82,3.53
Chargers,LAC,7,WR,551027795,Marvin Harrison Jr,1,0,10102,18,8,24.10,6,10,0,12,0,0,9,28,1.13,4.67,1.65
Chargers,LAC,7,HB,551026890,Trey Benson,1,28,10011,33,6,34.20,32,9,1,47,0,2,39,191,6.50,5.97,31.83
Chargers,LAC,7,WR,551028302,Xavier Legette,1,0,10156,17,9,39.10,6,8,0,40,0,1,11,63,1.22,10.50,3.71
Chargers,LAC,7,HB,551027016,Chase Brown,2,0,1827,24,12,120.00,148,34,0,49,12,5,216,894,18.00,6.04,49.67
Chargers,LAC,7,HB,551029118,Laviska Shenault Jr,5,0,565,5,17,40.60,53,22,4,48,3,1,101,185,5.94,3.49,10.88
Chargers,LAC,7,TE,551027801,N'Keal Harry,6,0,9493,13,2,13.90,0,2,0,0,0,0,0,0,0.00,0.00,0.00
Chargers,LAC,7,TE,551028681,David Njoku,8,0,8674,85,4,0.00,0,5,0,0,0,0,0,0,0.00,0.00,0.00
Chargers,LAC,7,WR,551027156,Robbie Chosen,9,0,7880,83,1,0.00,0,1,0,0,0,0,0,0,0.00,0.00,0.00
Chargers,LAC,7,HB,551028811,Samaje Perine,9,0,8685,32,5,1.40,19,5,0,74,2,1,91,147,18.20,7.74,8.65
Chargers,LAC,7,HB,551028786,Cordarrelle Patterson,12,0,6017,37,4,-1.50,0,4,2,0,0,0,0,0,0.00,0.00,0.00
Chargers,LAC,7,FB,551028177,Kyle Juszczyk,12,0,6869,4,5,-0.40,5,1,1,5,0,0,6,7,1.20,1.40,0.41
Chargers,LAC,7,QB,551027278,Andy Dalton,13,0,4356,14,8,25.26,13,0,1,15,0,0,0,6,0.00,0.46,0.50
Chiefs,KC,8,WR,551029436,Tre Tucker,2,0,2436,85,2,0.00,0,2,0,0,0,0,0,0,0.00,0.00,0.00
Chiefs,KC,8,QB,551027938,Sam Howell,3,0,1770,10,14,177.14,93,15,3,15,7,0,50,364,3.57,3.91,21.41
Chiefs,KC,8,WR,551029004,Wan'Dale Robinson,3,0,1924,17,2,6.10,0,2,0,0,0,0,0,0,0.00,0.00,0.00
Chiefs,KC,8,TE,551027919,Brycen Hopkins,5,0,369,88,5,1.30,0,6,1,0,0,0,0,0,0.00,0.00,0.00
Chiefs,KC,8,HB,551026718,Cam Akers,5,0,72,37,4,7.90,6,2,0,7,1,0,7,19,1.75,3.17,1.12
Chiefs,KC,8,HB,551028024,Josh Jacobs,6,0,9520,8,17,127.00,220,50,2,17,9,0,155,921,9.12,4.19,54.18
Chiefs,KC,8,WR,551027662,Chris Godwin,8,0,8567,89,9,47.30,2,16,2,7,0,0,0,10,0.00,5.00,0.59
Chiefs,KC,8,WR,551028161,Zay Jones,8,0,8611,19,6,18.20,7,1,0,7,1,0,0,23,0.00,3.29,1.35
Chiefs,KC,8,TE,551027869,Tyler Higbee,9,0,8050,82,3,18.40,0,3,1,0,0,0,0,0,0.00,0.00,0.00
Chiefs,KC,8,WR,551028339,Tyler Lockett,10,0,7214,6,8,36.40,2,18,1,9,0,0,0,9,0.00,4.50,0.53
Chiefs,KC,8,QB,551029010,Aaron Rodgers,19,0,6299,12,2,24.26,5,0,1,16,0,0,2,21,1.00,4.20,2.46
Colts,IND,9,HB,551027518,Demetric Felton Jr,4,0,1078,36,1,-0.30,2,0,0,0,0,0,1,-3,1.00,-1.50,-0.38
Colts,IND,9,TE,551027584,Pat Freiermuth,4,0,1377,89,7,31.50,0,13,0,0,0,0,0,0,0.00,0.00,0.00
Colts,IND,9,FB,551027981,Alec Ingold,6,0,9514,30,7,1.40,8,2,0,6,0,0,10,14,1.43,1.75,0.82
Colts,IND,9,HB,551027837,Darrell Henderson Jr,6,0,9498,22,6,20.70,13,0,0,7,3,0,5,27,0.83,2.08,2.08
Colts,IND,9,HB,551027879,Justice Hill,6,0,9501,37,16,61.10,53,26,1,42,3,1,65,210,4.06,3.96,12.35
Colts,IND,9,WR,551027145,D.J. Chark Jr,7,0,8843,81,6,7.10,0,10,1,0,0,0,0,0,0.00,0.00,0.00
Colts,IND,9,WR,551028585,D.J. Moore,7,0,8995,2,5,20.60,0,9,0,0,0,0,0,0,0.00,0.00,0.00
Colts,IND,9,WR,551028252,Cooper Kupp,8,0,8626,10,13,57.40,2,17,1,9,0,0,0,6,0.00,3.00,0.38
Colts,IND,9,HB,551028561,Joe Mixon,8,9,9241,34,15,117.40,218,42,3,27,15,6,261,896,17.40,4.11,59.73
Colts,IND,9,QB,551028876,Dak Prescott,9,0,8179,3,16,196.96,61,4,1,24,5,1,7,284,0.44,4.66,16.71
Colts,IND,9,WR,551028985,Allen Robinson II,11,0,6570,84,4,2.70,0,6,0,0,0,0,0,0,0.00,0.00,0.00
Colts,IND,9,WR,551029709,Robert Woods,12,0,6180,89,2,0.00,0,3,0,0,0,0,0,0,0.00,0.00,0.00
Colts,IND,9,TE,551027472,Zach Ertz,12,0,5790,86,1,0.00,0,1,0,0,0,0,0,0,0.00,0.00,0.00
Commanders,WAS,25,WR,551027249,Jacob Cowing,1,0,10355,19,8,42.00,2,9,0,13,0,0,6,23,0.75,11.50,1.44
Commanders,WAS,25,TE,551026734,Davis Allen,2,0,852,86,1,1.50,0,1,0,0,0,0,0,0,0.00,0.00,0.00
Commanders,WAS,25,TE,551029727,Brock Wright,4,0,1102,89,3,0.30,2,3,0,2,0,0,2,3,0.67,1.50,0.18
Commanders,WAS,25,WR,551028767,Joshua Palmer,4,0,1248,5,4,2.40,1,7,0,0,0,0,0,-1,0.00,-1.00,-0.06
Commanders,WAS,25,HB,551028101,Ty Johnson,6,0,136,25,2,-2.00,0,2,1,0,0,0,0,0,0.00,0.00,0.00
Commanders,WAS,25,HB,551027887,Nyheim Hines,7,0,8925,22,6,-2.90,2,6,2,9,0,0,5,11,0.83,5.50,0.65
Commanders,WAS,25,HB,551028181,Alvin Kamara,8,0,8617,49,14,41.40,187,64,5,74,5,5,397,885,28.36,4.73,63.21
Commanders,WAS,25,HB,551027448,Austin Ekeler,8,0,9179,30,15,10.18,56,13,1,14,1,0,77,156,5.13,2.79,9.18
Commanders,WAS,25,QB,551028389,Patrick Mahomes,8,0,8648,15,12,150.14,17,2,4,10,3,0,6,41,0.50,2.41,2.41
Commanders,WAS,25,WR,551029362,Michael Thomas,9,0,8231,84,1,0.00,0,1,0,0,0,0,0,0,0.00,0.00,0.00
Commanders,WAS,25,WR,551026961,Tyler Boyd,9,0,7903,81,7,15.70,0,8,0,0,0,0,0,0,0.00,0.00,0.00
Commanders,WAS,25,WR,551026696,Davante Adams,11,0,6328,83,8,60.40,4,9,0,12,0,0,4,9,0.50,2.25,0.53
Commanders,WAS,25,WR,551026739,Keenan Allen,12,0,5654,88,5,8.50,1,7,0,5,0,0,3,5,0.60,5.00,0.13
Commanders,WAS,25,TE,551028196,Travis Kelce,12,0,5920,87,7,52.70,0,10,1,0,0,0,0,0,0.00,0.00,0.00
Cowboys,DAL,10,HB,551029773,Frank Gore Jr,1,0,10085,8,1,0.10,5,1,0,3,0,0,6,1,6.00,0.20,0.20
Cowboys,DAL,10,FB,551028365,Hunter Luepke,2,0,2291,33,9,3.40,11,3,2,45,0,2,17,85,1.89,7.73,5.00
Cowboys,DAL,10,TE,551028432,Michael Mayer,2,0,2299,87,7,7.10,1,11,0,9,0,0,1,9,0.14,9.00,0.64
Cowboys,DAL,10,WR,551026798,Calvin Austin,3,0,1150,9,5,10.10,0,9,1,0,0,0,0,0,0.00,0.00,0.00
Cowboys,DAL,10,WR,551027385,Jahan Dotson,3,0,4191,11,4,10.70,1,8,1,0,0,0,0,-3,0.00,-3.00,-0.27
Cowboys,DAL,10,WR,551029399,Jalen Tolbert,3,0,1987,1,9,43.40,1,15,1,8,0,0,2,8,0.22,8.00,0.47
Cowboys,DAL,10,HB,551029539,Jaylen Warren,3,0,2012,30,10,62.60,79,26,0,54,4,3,114,397,11.40,5.03,39.70
Cowboys,DAL,10,HB,551029595,Zamir White,3,0,2030,26,2,3.10,9,2,0,11,1,0,11,31,5.50,3.44,6.20
Cowboys,DAL,10,QB,551028265,Trey Lance,4,6,1368,19,13,106.48,90,12,6,54,3,4,101,522,7.77,5.80,40.15
Cowboys,DAL,10,WR,551027174,Chase Claypool,5,0,700,81,7,17.60,4,4,0,7,1,0,1,8,0.14,2.00,0.47
Cowboys,DAL,10,TE,551028772,Donald Parham Jr,5,0,1498,89,1,0.00,0,1,0,0,0,0,0,0,0.00,0.00,0.00
Cowboys,DAL,10,WR,551027407,Ashton Dulin,6,0,9444,87,6,31.90,0,10,0,0,0,0,0,0,0.00,0.00,0.00
Cowboys,DAL,10,TE,551027209,Tyler Conklin,7,0,8852,83,3,3.20,0,4,0,0,0,0,0,0,0.00,0.00,0.00
Cowboys,DAL,10,QB,551029578,Carson Wentz,9,0,8258,18,7,61.24,24,0,3,14,2,0,14,40,2.00,1.67,2.67
Cowboys,DAL,10,HB,551027846,Derrick Henry,9,0,8045,22,17,136.00,154,37,3,95,10,9,412,963,24.24,6.25,56.65
Cowboys,DAL,10,HB,551028489,Jerick McKinnon,11,0,6521,28,12,15.40,25,13,0,11,0,0,23,62,1.92,2.48,4.43
Dolphins,MIA,11,TE,551029082,Luke Schoonmaker,2,0,2384,88,2,1.60,0,2,0,0,0,0,0,0,0.00,0.00,0.00
Dolphins,MIA,11,WR,551028546,Marvin Mims Jr,2,0,2312,19,9,45.70,3,7,3,3,0,0,0,-3,0.00,-1.00,-0.23
Dolphins,MIA,11,FB,551027863,Connor Heyward,3,0,1764,34,2,0.00,0,2,0,0,0,0,0,0,0.00,0.00,0.00
Dolphins,MIA,11,HB,551029639,Kyren Williams,3,0,2036,23,15,55.00,146,43,3,24,6,1,131,468,8.73,3.21,31.20
Dolphins,MIA,11,WR,551028587,Elijah Moore,4,0,1162,8,7,21.00,3,7,0,4,0,0,3,3,0.43,1.00,0.18
Dolphins,MIA,11,WR,551026717,Brandon Aiyuk,5,0,71,11,13,105.40,11,11,1,8,0,0,3,27,0.23,2.45,1.59
Dolphins,MIA,11,HB,551027373,J.K. Dobbins,5,0,257,27,7,34.20,36,6,0,8,4,0,5,119,0.71,3.31,7.00
Dolphins,MIA,11,QB,551027067,Joe Burrow,5,0,198,3,13,126.64,27,3,2,11,1,0,0,91,0.00,3.37,5.35
Dolphins,MIA,11,QB,551028551,Gardner Minshew II,6,0,9575,15,1,-3.44,0,0,1,0,0,0,0,0,0.00,0.00,0.00
Dolphins,MIA,11,TE,551027893,T.J. Hockenson,6,0,9503,87,7,14.70,0,14,3,0,0,0,0,0,0.00,0.00,0.00
Dolphins,MIA,11,WR,551027382,Greg Dortch,7,0,9442,4,1,-2.00,0,0,1,0,0,0,0,0,0.00,0.00,0.00
Dolphins,MIA,11,WR,551026713,Jamal Agnew,8,0,9132,86,5,0.20,2,9,0,4,0,0,0,2,0.00,1.00,0.12
Dolphins,MIA,11,HB,551027455,Ezekiel Elliott,9,0,7993,22,11,27.00,47,15,1,19,3,0,29,218,2.64,4.64,12.82
Eagles,PHI,12,TE,551028215,Dalton Kincaid,2,0,2277,86,6,17.20,0,8,0,0,0,0,0,0,0.00,0.00,0.00
Eagles,PHI,12,WR,551027341,Tank Dell,2,0,2090,3,12,61.20,1,11,0,7,0,0,0,7,0.00,7.00,0.41
Eagles,PHI,12,HB,551027942,Chuba Hubbard,4,0,1234,30,11,26.50,41,8,0,13,2,0,21,145,1.91,3.54,8.53
Eagles,PHI,12,TE,551027701,Noah Gray,4,0,1085,83,2,4.70,0,2,0,0,0,0,0,0,0.00,0.00,0.00
Eagles,PHI,12,HB,551029249,Rhamondre Stevenson,4,0,1146,38,17,74.80,168,66,4,30,5,1,232,693,13.65,4.12,40.77
Eagles,PHI,12,WR,551027418,Devin Duvernay,5,0,265,12,9,17.60,2,19,0,6,0,0,0,10,0.00,5.00,0.71
Eagles,PHI,12,QB,551027970,Jalen Hurts,5,0,704,1,12,114.26,51,2,4,16,4,0,22,299,1.83,5.86,23.00
Eagles,PHI,12,WR,551028970,Calvin Ridley,7,0,9038,0,5,23.90,0,11,0,0,0,0,0,0,0.00,0.00,0.00
Eagles,PHI,12,WR,551028483,Isaiah McKenzie,8,0,8659,87,7,10.60,0,7,0,0,0,0,0,0,0.00,0.00,0.00
Eagles,PHI,12,QB,551028399,Marcus Mariota,10,0,6979,13,6,50.52,21,2,0,20,0,1,19,88,3.17,4.19,5.87
Falcons,ATL,13,HB,551028496,Jaleel McLaughlin,2,0,0,38,8,2.10,2,10,0,14,0,0,2,21,0.25,10.50,1.40
Falcons,ATL,13,WR,551029552,Christian Watson,3,0,2013,9,5,27.10,0,4,1,0,0,0,0,0,0.00,0.00,0.00
Falcons,ATL,13,HB,551028840,Dameon Pierce,3,0,1891,33,13,73.60,48,15,0,23,11,2,71,203,5.46,4.23,11.94
Falcons,ATL,13,HB,551027551,Jerome Ford,3,0,1604,34,17,157.30,283,67,2,56,14,9,413,1375,24.29,4.86,80.88
Falcons,ATL,13,TE,551028777,Colby Parkinson,5,0,504,86,2,0.00,0,2,0,0,0,0,0,0,0.00,0.00,0.00
Falcons,ATL,13,WR,551028807,Donovan Peoples-Jones,5,0,514,19,2,0.40,0,2,0,0,0,0,0,0,0.00,0.00,0.00
Falcons,ATL,13,QB,551027849,Justin Herbert,5,0,346,10,13,117.44,37,2,0,15,2,0,8,123,0.62,3.32,7.24
Falcons,ATL,13,TE,551028089,Juwan Johnson,5,0,399,83,10,30.70,0,16,0,0,0,0,0,0,0.00,0.00,0.00
Falcons,ATL,13,WR,551028530,Jakobi Meyers,6,0,9570,16,10,72.70,2,11,0,3,0,0,2,1,0.20,0.50,0.06
Falcons,ATL,13,TE,551027369,Will Dissly,7,0,8871,81,3,10.10,0,4,0,0,0,0,0,0,0.00,0.00,0.00
Giants,NYG,15,QB,551028802,Michael Penix Jr,1,0,10207,9,14,167.28,42,3,1,19,0,0,-3,133,-0.21,3.17,7.82
Giants,NYG,15,WR,551027654,Xavier Gipson,2,0,0,82,6,13.70,1,9,0,0,0,0,0,-3,0.00,-3.00,-0.18
Giants,NYG,15,WR,551028519,Bo Melton,3,0,1850,80,4,17.70,3,5,0,22,0,1,1,19,0.25,6.33,1.12
Giants,NYG,15,HB,551027737,Breece Hall,3,0,1747,20,17,169.40,191,60,2,51,11,8,207,996,12.18,5.21,58.59
Giants,NYG,15,TE,551027406,Greg Dulcich,3,0,1550,86,4,4.20,0,7,0,0,0,0,0,0,0.00,0.00,0.00
Giants,NYG,15,HB,551027143,Ty Chandler,3,0,1267,32,9,11.10,21,11,2,7,0,0,10,63,1.11,3.00,3.71
Giants,NYG,15,WR,551028526,D.K. Metcalf,6,0,9569,14,5,9.70,6,5,0,13,0,0,15,30,3.00,5.00,2.50
Giants,NYG,15,WR,551028497,Terry McLaurin,6,0,9567,17,8,23.50,5,9,0,12,2,0,3,39,0.38,7.80,2.29
Giants,NYG,15,TE,551027968,Hayden Hurst,7,0,8930,88,5,26.90,0,11,0,0,0,0,0,0,0.00,0.00,0.00
Giants,NYG,15,HB,551026980,Matt Breida,8,0,9149,28,1,2.40,3,0,0,6,1,0,0,11,0.00,3.67,0.79
Jaguars,JAX,16,HB,551026695,De'Von Achane,2,0,676,28,17,136.60,241,50,1,61,17,9,270,1297,15.88,5.38,76.29
Jaguars,JAX,16,WR,551029548,Parker Washington,2,0,2454,89,4,0.00,0,4,0,0,0,0,0,0,0.00,0.00,0.00
Jaguars,JAX,16,WR,551028107,Quentin Johnston,2,0,2241,1,3,0.00,0,4,0,0,0,0,0,0,0.00,0.00,0.00
Jaguars,JAX,16,QB,551028314,Will Levis,2,37,7889,8,3,2.60,13,1,1,18,0,0,18,46,6.00,3.54,15.33
Jaguars,JAX,16,QB,551027938,Sam Howell,3,0,1770,10,2,34.58,4,3,1,10,1,0,15,31,7.50,7.75,5.38
Jaguars,JAX,16,TE,551028439,Trey McBride,3,0,1830,85,5,16.90,0,6,1,0,0,0,0,0,0.00,0.00,0.00
Jaguars,JAX,16,WR,551029011,Amari Rodgers,4,0,1263,87,1,0.00,0,1,0,0,0,0,0,0,0.00,0.00,0.00
Jaguars,JAX,16,HB,551029101,Trey Sermon,4,0,1321,32,1,-0.20,1,0,0,0,0,0,0,-2,0.00,-2.00,-0.40
Jaguars,JAX,16,HB,551027439,Clyde Edwards-Helaire,5,0,271,25,8,18.40,28,3,0,22,2,1,27,113,3.38,4.04,6.65
Jaguars,JAX,16,WR,551028042,Justin Jefferson,5,0,385,84,7,26.80,0,11,0,0,0,0,0,0,0.00,0.00,0.00
Jaguars,JAX,16,WR,551029292,Courtland Sutton,7,0,9072,14,5,10.80,4,3,0,8,0,0,0,19,0.00,4.75,1.12
Jaguars,JAX,16,TE,551027633,Mike Gesicki,7,0,8900,88,7,29.40,4,11,0,4,0,0,3,6,0.43,1.50,0.35
Jaguars,JAX,16,WR,551028921,Kalif Raymond,8,0,8402,11,8,-1.40,3,9,1,7,0,0,0,6,0.00,2.00,0.35
Jaguars,JAX,16,WR,551027361,Stefon Diggs,10,0,7085,87,8,100.20,2,11,1,6,0,0,1,11,0.13,5.50,0.73
Jaguars,JAX,16,QB,551027536,Joe Flacco,16,0,1115,1,4,68.00,10,0,1,5,0,0,0,5,0.00,0.50,0.38
Jaguars,JAX,16,QB,551029010,Aaron Rodgers,19,0,6299,12,10,130.24,27,0,2,16,0,0,2,50,0.20,1.85,4.17
Jets,NYJ,17,QB,551028964,Anthony Richardson,2,0,2609,5,17,143.76,93,16,2,24,5,1,52,323,3.06,3.47,19.00
Jets,NYJ,17,WR,551027388,Demario Douglas,2,0,3083,3,13,66.30,7,18,0,5,0,0,1,12,0.08,1.71,0.71
Jets,NYJ,17,WR,551027393,Josh Downs,2,0,2117,88,8,33.10,1,15,0,5,1,0,0,5,0.00,5.00,0.33
Jets,NYJ,17,TE,551028163,Brevin Jordan,4,0,1379,83,1,2.60,0,1,0,0,0,0,0,0,0.00,0.00,0.00
Jets,NYJ,17,HB,551027850,Khalil Herbert,4,0,1245,25,8,0.10,16,10,1,8,0,0,6,38,0.75,2.38,2.24
Jets,NYJ,17,HB,551027477,Travis Etienne Jr,4,0,1365,1,17,77.30,199,52,3,70,7,2,233,803,13.71,4.04,47.24
Jets,NYJ,17,WR,551026791,Tutu Atwell,4,0,1315,87,1,-2.00,0,0,1,0,0,0,0,0,0.00,0.00,0.00
Jets,NYJ,17,QB,551027039,Jake Browning,5,0,9399,4,4,19.18,9,0,0,5,0,0,0,6,0.00,0.67,0.38
Jets,NYJ,17,WR,551027008,A.J. Brown,6,0,9397,11,8,15.10,0,8,1,0,0,0,0,0,0.00,0.00,0.00
Jets,NYJ,17,TE,551028595,Foster Moreau,6,0,9579,85,4,0.00,0,4,0,0,0,0,0,0,0.00,0.00,0.00
Jets,NYJ,17,TE,551027468,Evan Engram,8,0,8545,3,6,31.00,0,7,0,0,0,0,0,0,0.00,0.00,0.00
Jets,NYJ,17,TE,551027030,Pharaoh Brown,8,0,8493,89,4,0.00,0,6,0,0,0,0,0,0,0.00,0.00,0.00
Lions,DET,18,HB,551027721,Isaac Guerendo,1,0,10091,26,12,10.60,33,27,1,34,4,1,38,131,3.17,3.97,7.71
Lions,DET,18,WR,551027068,Jermaine Burton,1,0,10026,81,2,6.00,0,4,0,0,0,0,0,0,0.00,0.00,0.00
Lions,DET,18,HB,551029418,Tyrone Tracy Jr,1,0,10268,33,8,-2.80,5,9,2,5,0,0,3,-3,0.38,-0.60,-0.18
Lions,DET,18,HB,551028990,Bijan Robinson,2,0,2613,5,17,140.10,224,62,4,41,8,7,327,1011,19.24,4.51,59.47
Lions,DET,18,WR,551028962,Rashee Rice,2,0,2366,85,3,23.50,0,2,1,0,0,0,0,0,0.00,0.00,0.00
Lions,DET,18,TE,551029706,Jelani Woods,3,0,2050,87,1,0.00,0,1,0,0,0,0,0,0,0.00,0.00,0.00
Lions,DET,18,WR,551027150,Ja'Marr Chase,4,0,1370,1,7,40.10,2,12,0,12,0,0,2,15,0.29,7.50,1.07
Lions,DET,18,WR,551027203,Nico Collins,4,0,1148,12,8,58.80,0,9,1,0,0,0,0,0,0.00,0.00,0.00
Lions,DET,18,TE,551028232,Cole Kmet,5,0,711,87,5,33.70,0,7,0,0,1,0,0,0,0.00,0.00,0.00
Lions,DET,18,QB,551028353,Jordan Love,5,0,433,10,10,146.40,20,3,5,7,1,0,1,-2,0.10,-0.10,-0.12
Lions,DET,18,WR,551027725,Jalen Guyton,6,0,313,83,1,0.40,0,1,0,0,0,0,0,0,0.00,0.00,0.00
Lions,DET,18,QB,551029592,Mike White,8,0,9113,8,1,24.00,0,0,1,0,0,0,0,0,0.00,0.00,0.00
Lions,DET,18,WR,551027884,Tyreek Hill,9,0,8052,2,8,87.20,0,18,3,0,0,0,0,0,0.00,0.00,0.00
Lions,DET,18,FB,551027069,Michael Burton,10,0,7034,20,1,0.80,0,1,0,0,0,0,0,0,0.00,0.00,0.00
Packers,GB,19,QB,551027283,Jayden Daniels,1,0,10048,5,17,237.72,70,8,8,20,5,2,109,343,6.41,4.90,20.18
Packers,GB,19,WR,551027197,Keon Coleman,1,0,10038,0,13,61.00,1,26,3,4,0,0,0,4,0.00,4.00,0.24
Packers,GB,19,WR,551028441,Luke McCaffrey,1,0,10166,12,8,30.90,0,23,0,0,0,0,0,0,0.00,0.00,0.00
Packers,GB,19,HB,551026903,Tank Bigsby,2,0,2539,26,7,5.60,14,13,0,10,0,0,14,56,2.00,4.00,3.29
Packers,GB,19,HB,551027221,James Cook,3,0,1304,4,14,76.30,161,42,4,56,3,6,258,776,18.43,4.82,55.43
Packers,GB,19,HB,551027483,Darrynton Evans,5,0,276,28,7,-2.00,0,7,1,0,0,0,0,0,0.00,0.00,0.00
Packers,GB,19,WR,551027871,Tee Higgins,5,0,351,81,8,53.00,0,10,1,0,0,0,0,0,0.00,0.00,0.00
Packers,GB,19,TE,551028237,Dawson Knox,6,0,9546,88,3,5.00,0,7,0,0,0,0,0,0,0.00,0.00,0.00
Packers,GB,19,WR,551028289,Allen Lazard,7,0,8969,10,3,15.60,0,3,0,0,0,0,0,0,0.00,0.00,0.00
Packers,GB,19,TE,551028229,George Kittle,8,0,8622,85,14,104.00,1,26,2,3,1,0,0,3,0.00,3.00,0.18
Packers,GB,19,HB,551027214,James Conner,8,0,8515,6,12,10.10,53,26,1,34,2,1,117,234,9.75,4.42,13.77
Panthers,CAR,20,QB,551028677,Bo Nix,1,0,10195,10,11,122.20,36,1,0,8,0,0,1,76,0.09,2.11,4.47
Panthers,CAR,20,WR,551028814,A.T. Perry,2,0,2352,86,1,0.00,0,1,0,0,0,0,0,0,0.00,0.00,0.00
Panthers,CAR,20,WR,551029209,Jaxon Smith-Njigba,2,0,2401,11,11,80.00,0,23,1,0,0,0,0,0,0.00,0.00,0.00
Panthers,CAR,20,HB,551028765,Isiah Pacheco,3,0,1875,33,17,161.10,241,62,2,74,15,11,349,1321,20.53,5.48,77.71
Panthers,CAR,20,TE,551027522,Jake Ferguson,3,0,1577,87,2,12.80,0,3,0,0,0,0,0,0,0.00,0.00,0.00
Panthers,CAR,20,WR,551028578,Darnell Mooney,5,0,469,1,1,16.50,0,1,0,0,0,0,0,0,0.00,0.00,0.00
Panthers,CAR,20,WR,551027754,K.J. Hamler,5,0,739,88,8,0.00,0,11,0,0,0,0,0,0,0.00,0.00,0.00
Panthers,CAR,20,HB,551028426,Alexander Mattison,6,0,9562,22,7,2.10,8,1,0,7,0,0,10,21,1.43,2.62,1.24
Panthers,CAR,20,HB,551029145,Devin Singletary,6,0,9629,26,11,18.80,41,7,1,12,3,0,36,130,3.27,3.17,7.65
Panthers,CAR,20,WR,551028080,Diontae Johnson,6,0,9529,5,5,8.80,0,5,0,0,0,0,0,0,0.00,0.00,0.00
Panthers,CAR,20,WR,551028948,Hunter Renfrow,6,0,9610,86,5,0.00,0,7,0,0,0,0,0,0,0.00,0.00,0.00
Panthers,CAR,20,TE,551029410,Robert Tonyan,7,0,9943,85,1,0.00,0,1,0,0,0,0,0,0,0.00,0.00,0.00
Patriots,NE,21,HB,551027475,Audric Estime,1,0,10067,26,2,3.00,9,3,0,7,0,0,1,30,0.50,3.33,4.29
Patriots,NE,21,HB,551027236,Blake Corum,1,0,10043,22,17,61.70,161,43,4,36,5,3,229,564,13.47,3.50,33.18
Patriots,NE,21,QB,551028430,Drake Maye,1,0,10165,10,16,154.88,29,5,2,32,3,2,10,144,0.63,4.97,8.47
Patriots,NE,21,TE,551026728,Erick All,1,0,9997,83,1,2.30,0,1,0,0,0,0,0,0,0.00,0.00,0.00
Patriots,NE,21,WR,551028862,Ja'Lynn Polk,1,0,10210,1,5,15.90,0,11,0,0,0,0,0,0,0.00,0.00,0.00
Patriots,NE,21,WR,551028795,Ricky Pearsall,1,0,10206,14,9,76.60,2,11,0,13,0,0,2,12,0.22,6.00,0.71
Patriots,NE,21,WR,551028703,Rome Odunze,1,0,10199,15,12,53.00,2,16,3,0,0,0,2,-4,0.17,-2.00,-0.24
Patriots,NE,21,TE,551028100,Theo Johnson,1,0,10130,87,9,35.70,0,19,0,0,0,0,0,0,0.00,0.00,0.00
Patriots,NE,21,HB,551028537,Kendre Miller,2,0,2310,24,6,11.50,44,10,1,18,0,0,61,135,10.17,3.07,15.00
Patriots,NE,21,WR,551026897,Braxton Berrios,7,0,8820,0,3,-2.00,0,3,1,0,0,0,0,0,0.00,0.00,0.00
Patriots,NE,21,HB,551028637,Latavius Murray,11,0,6853,28,3,1.00,3,3,0,7,0,0,4,15,1.33,5.00,1.36
Patriots,NE,21,WR,551027184,Randall Cobb,13,0,4352,18,2,-2.00,0,2,1,0,0,0,0,0,0.00,0.00,0.00
Raiders,LV,22,WR,551029345,Brian Thomas Jr,1,0,10263,3,5,3.80,2,7,1,13,0,0,7,15,1.40,7.50,0.88
Raiders,LV,22,WR,551028648,Malik Nabers,1,0,10192,1,5,7.30,5,8,0,19,0,0,12,23,2.40,4.60,2.30
Raiders,LV,22,HB,551028336,MarShawn Lloyd,1,0,10161,32,16,135.30,199,36,2,65,13,8,222,1013,13.88,5.09,63.31
Raiders,LV,22,QB,551027526,Justin Fields,4,0,1366,2,17,182.36,59,5,2,31,6,1,29,220,1.71,3.73,12.94
Raiders,LV,22,HB,551028691,Kene Nwangwu,4,0,1180,26,8,1.90,9,4,0,10,0,0,0,27,0.00,3.00,1.59
Raiders,LV,22,TE,551028726,Albert Okwuegbunam,5,0,490,85,2,26.40,0,6,0,0,0,0,0,0,0.00,0.00,0.00
Raiders,LV,22,WR,551027304,Gabe Davis,5,0,238,11,4,38.70,0,5,0,0,0,0,0,0,0.00,0.00,0.00
Raiders,LV,22,TE,551027091,Lawrence Cager,5,0,200,88,1,9.20,0,1,0,0,0,0,0,0,0.00,0.00,0.00
Raiders,LV,22,QB,551029514,P.J. Walker,7,0,168,15,1,-0.20,2,0,0,0,0,0,0,-2,0.00,-1.00,-0.50
Raiders,LV,22,WR,551027601,Russell Gage Jr,7,0,9779,6,3,0.00,0,3,0,0,0,0,0,0,0.00,0.00,0.00
Raiders,LV,22,HB,551028117,Aaron Jones,8,0,8609,33,16,67.60,90,24,0,38,5,3,70,444,4.38,4.93,26.12
Raiders,LV,22,HB,551027557,D'Onta Foreman,8,0,8554,22,4,-0.10,3,1,0,4,0,0,0,-1,0.00,-0.33,-0.06
Rams,LAR,23,QB,551029616,Caleb Williams,1,0,10296,15,17,281.28,53,11,2,32,9,7,19,442,1.12,8.34,26.00
Rams,LAR,23,HB,551029482,Deuce Vaughn,2,0,2443,25,12,56.50,121,20,1,23,7,1,65,418,5.42,3.45,24.59
Rams,LAR,23,QB,551027915,Hendon Hooker,2,0,2581,2,6,-1.60,16,0,0,0,0,0,0,-16,0.00,-1.00,-2.67
Rams,LAR,23,WR,551027543,Zay Flowers,2,0,2140,4,12,118.20,3,17,1,9,0,0,0,21,0.00,7.00,1.24
Rams,LAR,23,WR,551029109,Rashid Shaheed,3,0,4928,22,5,13.30,0,8,0,0,0,0,0,0,0.00,0.00,0.00
Rams,LAR,23,WR,551029386,Tyquan Thornton,3,0,1985,11,1,0.00,0,1,0,0,0,0,0,0,0.00,0.00,0.00
Rams,LAR,23,HB,551028116,Velus Jones Jr,3,0,1791,12,15,30.90,33,19,2,17,2,0,57,134,3.80,4.06,7.88
Rams,LAR,23,HB,551026716,Salvon Ahmed,5,0,70,26,3,15.00,14,1,0,57,1,1,61,90,20.33,6.43,7.50
Rams,LAR,23,FB,551026919,Khari Blasingame,6,0,100,35,2,0.50,2,0,0,3,0,0,4,5,2.00,2.50,0.29
Rams,LAR,23,TE,551026727,Mo Alie-Cox,7,0,9697,81,3,2.50,0,3,0,0,0,0,0,0,0.00,0.00,0.00
Rams,LAR,23,TE,551029184,Jonnu Smith,8,0,8731,9,6,7.20,0,6,0,0,0,0,0,0,0.00,0.00,0.00
Rams,LAR,23,WR,551029642,Mike Williams,8,0,8780,18,4,8.00,1,4,0,7,0,0,0,7,0.00,7.00,0.41
Rams,LAR,23,HB,551027846,Derrick Henry,9,0,8045,22,5,41.20,51,6,0,32,4,3,98,263,19.60,5.16,56.79
Ravens,BAL,24,WR,551028076,Cornelius Johnson,1,0,10127,86,3,0.00,0,4,0,0,0,0,0,0,0.00,0.00,0.00
Ravens,BAL,24,WR,551029546,Malik Washington,1,2,10285,19,1,0.00,0,1,0,0,0,0,0,0,0.00,0.00,0.00
Ravens,BAL,24,WR,551028839,Alec Pierce,3,0,4060,10,8,41.20,2,9,0,17,0,0,4,18,0.50,9.00,1.06
Ravens,BAL,24,TE,551026882,Daniel Bellinger,3,0,1168,44,1,15.60,0,2,0,0,0,0,0,0,0.00,0.00,0.00
Ravens,BAL,24,TE,551028857,Kyle Pitts,4,0,3807,0,6,38.80,0,8,0,0,0,0,0,0,0.00,0.00,0.00
Ravens,BAL,24,HB,551027126,Michael Carter,4,0,1356,32,5,0.40,1,4,0,4,0,0,0,4,0.00,4.00,0.24
Ravens,BAL,24,HB,551027791,Najee Harris,4,0,10355,22,17,118.60,210,52,4,53,11,9,363,1170,21.35,5.57,68.82
Ravens,BAL,24,WR,551028057,Jerry Jeudy,5,0,3696,7,9,67.60,3,8,0,69,1,1,4,93,0.44,31.00,5.47
Ravens,BAL,24,WR,551028854,Michael Pittman Jr,5,0,532,11,5,4.10,2,6,0,7,0,0,0,5,0.00,2.50,0.38
Ravens,BAL,24,FB,551027646,Reggie Gilliam,5,0,10342,40,3,6.60,4,1,0,4,1,0,5,6,1.67,1.50,0.35
Ravens,BAL,24,HB,551028612,Zack Moss,5,0,474,15,12,7.10,32,9,0,9,0,0,34,78,2.83,2.44,4.59
Ravens,BAL,24,QB,551028015,Lamar Jackson,7,0,3851,8,16,238.34,51,5,0,31,0,1,47,144,2.94,2.82,8.47
Ravens,BAL,24,WR,551028951,Josh Reynolds,8,0,8700,13,3,13.50,0,5,0,0,0,0,0,0,0.00,0.00,0.00
Saints,NO,26,HB,551027987,Bucky Irving,1,0,10113,7,6,25.50,39,11,0,59,3,2,45,219,7.50,5.62,31.29
Saints,NO,26,QB,551028895,Brock Purdy,3,0,1899,13,13,186.82,27,7,5,13,0,0,17,114,1.31,4.22,6.71
Saints,NO,26,WR,551027061,Treylon Burks,3,0,1226,16,8,0.00,0,15,0,0,0,0,0,0,0.00,0.00,0.00
Saints,NO,26,HB,551027622,Myles Gaskin,5,0,9468,39,1,5.90,3,0,0,39,0,1,6,59,6.00,19.67,19.67
Saints,NO,26,WR,551029161,Darius Slayton,6,0,9631,86,4,18.90,0,4,0,0,0,0,0,0,0.00,0.00,0.00
Saints,NO,26,HB,551028575,David Montgomery,6,0,9577,34,10,12.70,14,8,0,9,1,0,12,45,1.20,3.21,2.65
Saints,NO,26,TE,551029168,Irv Smith Jr,6,0,9633,81,6,17.60,1,8,0,1,1,0,0,1,0.00,1.00,0.06
Saints,NO,26,HB,551029065,Miles Sanders,6,0,9619,28,3,3.00,7,5,0,18,0,0,12,30,4.00,4.29,2.73
Saints,NO,26,WR,551029658,Cedrick Wilson Jr,7,0,9119,11,3,0.40,1,2,0,4,0,0,0,4,0.00,4.00,0.24
Saints,NO,26,WR,551029469,Marquez Valdes-Scantling,7,0,9091,87,3,0.70,0,4,0,0,0,0,0,0,0.00,0.00,0.00
Saints,NO,26,HB,551028440,Christian McCaffrey,8,0,8655,29,17,123.80,203,71,4,70,12,6,220,1009,12.94,4.97,59.35
Saints,NO,26,TE,551027847,Hunter Henry,9,5,8046,85,9,57.20,0,17,0,0,0,0,0,0,0.00,0.00,0.00
Saints,NO,26,WR,551027380,Phillip Dorsett II,10,0,7089,81,7,-2.00,0,8,1,0,0,0,0,0,0.00,0.00,0.00
Saints,NO,26,WR,551027920,DeAndre Hopkins,12,0,5873,10,7,58.00,0,14,0,0,0,0,0,0,0.00,0.00,0.00
Saints,NO,26,QB,551029675,Russell Wilson,12,0,5566,3,5,16.84,9,3,2,22,0,3,8,91,1.60,10.11,5.69
Seahawks,SEA,27,WR,551028552,Adonai Mitchell,1,0,10183,10,10,80.90,2,13,0,17,1,0,10,13,1.00,6.50,0.81
Seahawks,SEA,27,HB,551026688,Israel Abanikanda,2,4,361,20,13,137.00,169,32,0,78,8,9,353,919,27.15,5.44,70.69
Seahawks,SEA,27,WR,551028267,Matt Landers,2,0,4616,84,1,6.90,1,0,0,9,1,0,2,9,2.00,9.00,1.00
Seahawks,SEA,27,HB,551027425,Trestan Ebner,2,0,1559,22,5,-1.30,2,7,1,6,0,0,3,7,0.60,3.50,0.56
Seahawks,SEA,27,TE,551028720,Chigoziem Okonkwo,3,0,1869,85,10,59.80,0,13,0,0,0,0,0,0,0.00,0.00,0.00
Seahawks,SEA,27,WR,551028344,Drake London,3,0,1813,5,11,56.60,1,11,1,0,0,0,1,-4,0.09,-4.00,-0.24
Seahawks,SEA,27,QB,551029656,Malik Willis,3,0,2039,7,11,181.56,78,8,8,65,8,1,30,323,2.73,4.14,23.07
Seahawks,SEA,27,HB,551029632,Javonte Williams,4,0,1118,23,12,13.80,76,34,2,65,2,1,161,393,13.42,5.17,23.12
Seahawks,SEA,27,WR,551029406,Kadarius Toney,4,7,0,0,3,5.00,0,8,0,0,0,0,0,0,0.00,0.00,0.00
Seahawks,SEA,27,HB,551029217,Benny Snell,6,0,9638,37,1,0.20,1,0,0,2,0,0,0,2,0.00,2.00,0.67
Seahawks,SEA,27,HB,551027583,Royce Freeman,6,0,8895,27,2,1.50,4,1,0,12,0,0,2,15,1.00,3.75,1.91
Seahawks,SEA,27,TE,551027880,Taysom Hill,7,0,9202,89,1,2.30,0,3,0,0,0,0,0,0,0.00,0.00,0.00
Seahawks,SEA,27,QB,551027374,Joshua Dobbs,8,0,8533,3,5,9.20,17,4,1,22,0,1,13,66,2.60,3.88,4.40
Seahawks,SEA,27,TE,551027933,O.J. Howard,8,0,8594,88,1,1.40,2,1,0,17,0,0,4,14,4.00,7.00,0.82
Seahawks,SEA,27,WR,551028449,Ray-Ray McCloud III,8,0,8983,9,3,14.90,1,3,0,8,0,0,0,8,0.00,8.00,0.50
Seahawks,SEA,27,WR,551027694,Jakeem Grant Sr,9,0,8025,83,1,0.00,0,3,0,0,0,0,0,0,0.00,0.00,0.00
Seahawks,SEA,27,HB,551028786,Cordarrelle Patterson,12,0,6017,37,6,-3.10,3,6,2,7,0,0,0,9,0.00,3.00,0.50
Seahawks,SEA,27,QB,551029327,Tyrod Taylor,13,0,4490,11,1,-0.10,1,0,0,0,0,0,0,-1,0.00,-1.00,-0.33
Steelers,PIT,28,WR,551027577,Troy Franklin,1,0,10077,16,5,23.60,0,8,1,0,0,0,0,0,0.00,0.00,0.00
Steelers,PIT,28,TE,551029270,Brenton Strange,2,0,2415,85,3,6.50,3,0,0,3,1,0,2,5,0.67,1.67,0.29
Steelers,PIT,28,HB,551027636,Jahmyr Gibbs,2,0,2564,26,17,125.80,245,50,5,98,11,8,234,1325,13.76,5.41,77.94
Steelers,PIT,28,HB,551028986,Brian Robinson Jr,3,0,1918,8,15,59.60,56,10,0,10,6,0,29,238,1.93,4.25,14.00
Steelers,PIT,28,TE,551028755,Cade Otton,3,0,1872,88,3,6.90,0,4,0,0,0,0,0,0,0.00,0.00,0.00
Steelers,PIT,28,WR,551029110,Khalil Shakir,3,0,1942,10,2,0.40,3,1,0,4,0,0,3,4,1.50,1.33,0.24
Steelers,PIT,28,WR,551029237,Amon-Ra St. Brown,4,0,1313,14,9,61.50,7,8,1,11,1,0,3,29,0.33,4.14,2.07
Steelers,PIT,28,WR,551027805,Deonte Harty,6,0,327,89,2,0.00,0,4,0,0,0,0,0,0,0.00,0.00,0.00
Steelers,PIT,28,HB,551027912,Travis Homer,6,0,9507,20,4,8.30,8,2,0,6,1,0,0,22,0.00,2.75,1.38
Steelers,PIT,28,WR,551026869,Odell Beckham Jr,11,0,6340,83,4,-0.90,0,2,2,0,0,0,0,0,0.00,0.00,0.00
Steelers,PIT,28,QB,551027243,Kirk Cousins,13,0,5117,18,12,113.00,33,1,2,7,2,0,0,112,0.00,3.39,6.59
Texans,HOU,31,HB,551029126,Will Shipley,1,0,10244,39,1,0.20,1,0,0,2,0,0,0,2,0.00,2.00,0.14
Texans,HOU,31,TE,551029543,Darnell Washington,2,0,2453,80,3,3.50,0,6,0,0,0,0,0,0,0.00,0.00,0.00
Texans,HOU,31,HB,551028557,Keaton Mitchell,2,0,4736,34,12,49.30,73,16,2,80,6,5,91,512,7.58,7.01,30.12
Texans,HOU,31,WR,551028649,Puka Nacua,2,0,4785,86,9,79.20,3,14,0,1,0,0,3,1,0.33,0.33,0.06
Texans,HOU,31,WR,551027387,Romeo Doubs,3,0,1471,87,8,35.60,0,10,0,0,0,0,0,0,0.00,0.00,0.00
Texans,HOU,31,QB,551028542,Davis Mills,4,0,969,10,5,1.40,13,1,1,7,0,0,17,34,3.40,2.62,2.62
Texans,HOU,31,WR,551029501,Jaylen Waddle,4,0,1374,17,7,99.70,1,16,0,8,0,0,1,8,0.14,8.00,0.57
Texans,HOU,31,HB,551029299,D'Andre Swift,5,0,599,4,13,62.70,159,35,3,60,6,1,161,656,12.38,4.13,46.86
Texans,HOU,31,QB,551028636,Kyler Murray,6,0,9583,1,12,254.84,48,1,3,25,2,3,5,180,0.42,3.75,13.85
Texans,HOU,31,TE,551027490,Gerald Everett,8,0,8549,14,10,41.70,0,16,0,0,0,0,0,0,0.00,0.00,0.00
Texans,HOU,31,FB,551027747,C.J. Ham,9,0,9195,30,2,13.00,1,2,0,1,1,0,3,1,1.50,1.00,0.06
Texans,HOU,31,WR,551029343,Adam Thielen,12,0,6913,19,1,0.00,0,1,0,0,0,0,0,0,0.00,0.00,0.00
Texans,HOU,31,WR,551026739,Keenan Allen,12,0,5654,88,9,17.70,2,10,0,5,0,0,3,9,0.33,4.50,0.53
Titans,TEN,29,QB,551029440,Clayton Tune,2,0,2633,17,8,64.56,35,2,2,18,0,0,6,67,0.75,1.91,6.70
Titans,TEN,29,WR,551029671,Michael Wilson,2,0,2480,14,2,21.70,0,2,0,0,0,0,0,0,0.00,0.00,0.00
Titans,TEN,29,WR,551028107,Quentin Johnston,2,0,2241,1,4,5.10,0,3,1,0,0,0,0,0,0.00,0.00,0.00
Titans,TEN,29,TE,551028271,Sam LaPorta,2,0,2286,87,11,72.80,0,24,2,0,0,0,0,0,0.00,0.00,0.00
Titans,TEN,29,WR,551028729,Chris Olave,3,0,1870,12,13,59.20,4,14,0,2,0,0,0,-1,0.00,-0.25,-0.06
Titans,TEN,29,HB,551029508,Kenneth Walker III,3,0,2005,9,17,46.40,163,54,5,58,4,2,227,508,13.35,3.12,29.88
Titans,TEN,29,HB,551026742,Tyler Allgeier,3,0,1132,24,4,19.70,12,2,0,12,3,0,7,31,1.75,2.58,2.21
Titans,TEN,29,HB,551028555,Elijah Mitchell,4,0,1177,38,4,3.70,18,5,0,30,0,1,29,92,7.25,5.11,5.41
Titans,TEN,29,WR,551028042,Justin Jefferson,5,0,385,84,4,7.90,0,6,0,0,0,0,0,0,0.00,0.00,0.00
Titans,TEN,29,TE,551029056,Drew Sample,6,0,9617,81,4,-0.20,1,2,2,0,0,0,0,-8,0.00,-8.00,-0.47
Titans,TEN,29,QB,551028433,Baker Mayfield,7,0,8982,6,7,21.56,31,1,2,9,2,0,6,89,0.86,2.87,5.93
Titans,TEN,29,TE,551026767,Mark Andrews,7,0,8802,83,6,28.70,0,11,1,0,0,0,0,0,0.00,0.00,0.00
Titans,TEN,29,WR,551027223,Brandin Cooks,11,0,6386,3,3,7.50,0,3,0,0,0,0,0,0,0.00,0.00,0.00
Vikings,MIN,30,HB,551026730,Braelon Allen,1,0,9996,0,11,62.50,86,20,1,41,8,1,131,328,11.91,3.81,21.87
Vikings,MIN,30,TE,551026956,Brock Bowers,1,0,10018,89,11,42.20,0,21,1,0,1,0,0,0,0.00,0.00,0.00
Vikings,MIN,30,HB,551028279,Dylan Laube,1,0,10151,38,10,-4.30,1,19,2,0,0,0,0,-5,0.00,-5.00,-0.29
Vikings,MIN,30,QB,551028446,J.J. McCarthy,1,0,10167,9,15,139.82,48,5,5,28,2,4,38,357,2.53,7.44,21.00
Vikings,MIN,30,WR,551029603,Dontayvion Wicks,2,0,2476,13,3,3.90,1,2,0,0,0,0,0,-3,0.00,-3.00,-0.18
Vikings,MIN,30,WR,551028527,John Metchie III,3,0,1851,8,7,6.60,0,10,1,0,0,0,0,0,0.00,0.00,0.00
Vikings,MIN,30,WR,551029177,DeVonta Smith,4,0,1369,6,10,19.30,3,14,0,4,0,0,2,8,0.20,2.67,0.47
Vikings,MIN,30,HB,551027637,Antonio Gibson,5,0,297,21,17,53.50,95,28,4,19,4,0,112,341,6.59,3.59,20.06
Vikings,MIN,30,WR,551029058,Deebo Samuel Sr,6,0,9618,1,13,54.20,6,19,4,10,1,0,6,30,0.46,5.00,1.76
Vikings,MIN,30,QB,551029238,Matthew Stafford,16,0,6302,16,1,10.48,1,0,0,6,0,0,0,6,0.00,6.00,0.46
